"","filename","biggest_patch_size","n_patches","nned"
"1","SMP4_Agile_Antechinus_Antechinus_agilis_Spp11028_RF_225m_vg94",3712761.5625,17,765.412577934068
"2","SMP4_Alpine_Bog_Skink_Pseudemoia_cryodroma_Spp12992_RF_225m_vg94",30192.75,3,2084.9971925412
"3","SMP4_Alpine_She-oak_Skink_Cyclodomorphus_praealtus_Spp12987_RF_225m_vg94",21444.75,1,1188.71021971664
"4","SMP4_Alpine_Tree_Frog_Litoria_verreauxii_alpina_Spp63907_RF_225m_vg94",70389,2,1551.09754390834
"5","SMP4_Alpine_Water_Skink_Eulamprus_kosciuskoi_Spp12550_RF_225m_vg94",22755.9375,1,1021.53958050002
"6","SMP4_Apostlebird_Struthidea_cinerea_Spp10675_RF_225m_vg94",2729760.75,5,772.596357183459
"7","SMP4_Australasian_Bittern_Botaurus_poiciloptilus_Spp10197_RF_225m_vg94",138773.25,13,993.343337408802
"8","SMP4_Australasian_Grebe_Tachybaptus_novaehollandiae_Spp10061_RF_225m_vg94",404250.75,8,1303.08669324643
"9","SMP4_Australasian_Pipit_Anthus_novaeseelandiae_Spp10647_RF_225m_vg94",15810131.8125,8,649.335820488527
"10","SMP4_Australasian_Shoveler_Anas_rhynchotis_Spp10212_RF_225m_vg94",637419.375,17,858.395975731356
"11","SMP4_Australian_Bustard_Ardeotis_australis_Spp10176_RF_225m_vg94",652014.5625,6,867.071554665458
"12","SMP4_Australian_Grayling_Prototroctes_maraena_Spp4686_RF_225m_vg94",563279.0625,19,718.043604195848
"13","SMP4_Australian_Hobby_Falco_longipennis_Spp10235_RF_225m_vg94",17115973.3125,8,639.150617146268
"14","SMP4_Australian_King-Parrot_Alisterus_scapularis_Spp10281_RF_225m_vg94",5226535.125,10,722.085129989925
"15","SMP4_Australian_Magpie_Cracticus_tibicen_Spp10705_RF_225m_vg94",14875877.8125,4,704.01214174355
"16","SMP4_Australian_Mudfish_Neochanna_cleaveri_Spp4703_RF_225m_vg94",2981.8125,0,962.837538236614
"17","SMP4_Australian_Owlet-nightjar_Aegotheles_cristatus_Spp10317_RF_225m_vg94",11265095.25,6,697.47649486141
"18","SMP4_Australian_Painted_Snipe_Rostratula_australis_Spp10170_RF_225m_vg94",856311.75,10,775.980307081469
"19","SMP4_Australian_Pelican_Pelecanus_conspicillatus_Spp10106_RF_225m_vg94",2383764.1875,15,756.711155469761
"20","SMP4_Australian_Pratincole_Stiltia_isabella_Spp10173_RF_225m_vg94",1170105.75,9,743.654119105184
"21","SMP4_Australian_Raven_Corvus_coronoides_Spp10930_RF_225m_vg94",16269892.875,4,675.812398232997
"22","SMP4_Australian_Shelduck_Tadorna_tadornoides_Spp10207_RF_225m_vg94",917051.625,21,754.78102359588
"23","SMP4_Australian_Spotted_Crake_Porzana_fluminea_Spp10049_RF_225m_vg94",1569106.6875,15,781.670655428557
"24","SMP4_Australian_White_Ibis_Threskiornis_molucca_Spp10179_RF_225m_vg94",8161529.625,8,695.920744801522
"25","SMP4_Australian_Wood_Duck_Chenonetta_jubata_Spp10202_RF_225m_vg94",11492011.6875,9,700.900272149287
"26","SMP4_Azure_Kingfisher_Alcedo_azurea_Spp10319_RF_225m_vg94",124157.8125,11,902.296018219961
"27","SMP4_Baillons_Crake_Porzana_pusilla_palustris_Spp10050_RF_225m_vg94",1266688.125,15,785.679335615718
"28","SMP4_Banded_Lapwing_Vanellus_tricolor_Spp10135_RF_225m_vg94",10370035.125,10,741.741099806735
"29","SMP4_Banded_Stilt_Cladorhynchus_leucocephalus_Spp10147_RF_225m_vg94",256420.6875,18,1148.56104073399
"30","SMP4_Bandy_Bandy_Vermicella_annulata_Spp12734_RF_225m_vg94",1937904.75,11,693.97829974007
"31","SMP4_Bar-shouldered_Dove_Geopelia_humeralis_Spp10032_RF_225m_vg94",3209.625,0,896.384893713388
"32","SMP4_Bar-tailed_Godwit_Limosa_lapponica_Spp10153_RF_225m_vg94",150158.8125,8,1786.64600383547
"33","SMP4_Bardick_Echiopsis_curta_Spp12667_RF_225m_vg94",909493.3125,6,610.5395620168
"34","SMP4_Barking_Owl_Ninox_connivens_connivens_Spp10246_RF_225m_vg94",491558.625,15,773.342800582929
"35","SMP4_Barred_Galaxias_Galaxias_fuscus_Spp4695_RF_225m_vg94",20052.5625,2,889.422507419472
"36","SMP4_Bassian_Thrush_Zoothera_lunulata_Spp10779_RF_225m_vg94",783710.4375,11,764.133116348258
"37","SMP4_Baw_Baw_Frog_Philoria_frosti_Spp13106_RF_225m_vg94",13861.125,1,512.132034355964
"38","SMP4_Beaded_Gecko_Diplodactylus_damaeus_Spp12109_RF_225m_vg94",1933282.6875,1,662.948760011979
"39","SMP4_Beaked_Gecko_Rhynchoedura_ornata_Spp12137_RF_225m_vg94",64987.3125,3,653.416404983945
"40","SMP4_Bearded_Dragon_Pogona_barbata_Spp12177_RF_225m_vg94",4409721,7,650.684609379753
"41","SMP4_Beautiful_Firetail_Stagonopleura_bella_Spp10650_RF_225m_vg94",500939.4375,13,755.286693573065
"42","SMP4_Bell_Miner_Manorina_melanophrys_Spp10633_RF_225m_vg94",2185693.875,6,776.265895757673
"43","SMP4_Black_Bittern_Ixobrychus_flavicollis_australis_Spp60196_RF_225m_vg94",2019.9375,0,1239.03539494251
"44","SMP4_Black_Falcon_Falco_subniger_Spp10238_RF_225m_vg94",12795732,2,584.190006869765
"45","SMP4_Black_Honeyeater_Sugamel_niger_Spp10589_RF_225m_vg94",10590157.6875,3,607.791508369492
"46","SMP4_Black_Kite_Milvus_migrans_Spp10229_RF_225m_vg94",10099145.8125,4,656.289553624087
"47","SMP4_Black_Rock_Skink_Egernia_saxatilis_intermedia_Spp62938_RF_225m_vg94",4572500.625,14,789.956215123856
"48","SMP4_Black_Swan_Cygnus_atratus_Spp10203_RF_225m_vg94",6856994.25,12,668.024516899783
"49","SMP4_Black_Wallaby_Wallabia_bicolor_Spp11242_RF_225m_vg94",4816239.75,20,791.147269392672
"50","SMP4_Black-chinned_Honeyeater_Melithreptus_gularis_Spp10580_RF_225m_vg94",174165.1875,14,816.295523907817
"51","SMP4_Black-eared_Cuckoo_Chrysococcyx_osculans_Spp10341_RF_225m_vg94",1082160,21,781.907672471684
"52","SMP4_Black-eared_Miner_Manorina_melanotis_Spp10967_RF_225m_vg94",572796.5625,3,1054.95790816777
"53","SMP4_Black-faced_Cormorant_Phalacrocorax_fuscescens_Spp10098_RF_225m_vg94",46023.1875,1,770.370873578461
"54","SMP4_Black-faced_Cuckoo-shrike_Coracina_novaehollandiae_Spp10424_RF_225m_vg94",15828296.0625,5,715.887437657705
"55","SMP4_Black-faced_Monarch_Monarcha_melanopsis_Spp10373_RF_225m_vg94",1028259.5625,5,720.573450317055
"56","SMP4_Black-faced_Woodswallow_Artamus_cinereus_Spp10546_RF_225m_vg94",8181040.5,4,605.48584531028
"57","SMP4_Black-fronted_Dotterel_Elseyornis_melanops_Spp10144_RF_225m_vg94",7848824.0625,8,705.042357322081
"58","SMP4_Black-shouldered_Kite_Elanus_axillaris_Spp10232_RF_225m_vg94",15187317.75,4,688.64484282468
"59","SMP4_Black-tailed_Native-hen_Tribonyx_ventralis_Spp10055_RF_225m_vg94",9600950.25,11,724.822216171487
"60","SMP4_Blotched_Blue-tongued_Lizard_Tiliqua_nigrolutea_Spp12578_RF_225m_vg94",7789091.625,12,678.849568264401
"61","SMP4_Blue_Bonnet_Northiella_haematogaster_Spp10297_RF_225m_vg94",3139458.75,4,627.091735000953
"62","SMP4_Blue_Mountains_Tree_Frog_Litoria_citropa_Spp13175_RF_225m_vg94",805985.4375,3,732.457425129349
"63","SMP4_Blue-billed_Duck_Oxyura_australis_Spp10216_RF_225m_vg94",159762.375,17,1101.7846629129
"64","SMP4_Blue-faced_Honeyeater_Entomyzon_cyanotis_Spp10641_RF_225m_vg94",5352231.9375,14,751.000958315799
"65","SMP4_Blue-winged_Parrot_Neophema_chrysostoma_Spp10306_RF_225m_vg94",10106096.625,14,649.172759632881
"66","SMP4_Booroolong_Tree_Frog_Litoria_booroolongensis_Spp13168_RF_225m_vg94",2045.25,0,708.215071469388
"67","SMP4_Bougainvilles_Skink_Lerista_bougainvillii_Spp12475_RF_225m_vg94",2193636.9375,25,738.5058447837
"68","SMP4_Boulengers_Skink_Morethia_boulengeri_Spp12526_RF_225m_vg94",7423194.375,6,660.167964569369
"69","SMP4_Broad-shelled_Turtle_Chelodina_expansa_Spp5133_RF_225m_vg94",48554.4375,6,732.739446067984
"70","SMP4_Broad-toothed_Rat_Mastacomys_fuscus_mordicus_Spp11438_RF_225m_vg94",233467.3125,9,689.307659556102
"71","SMP4_Brolga_Grus_rubicunda_Spp10177_RF_225m_vg94",698144.0625,14,756.466143177353
"72","SMP4_Brookss_Striped_Skink_Ctenotus_taeniatus_Spp62933_RF_225m_vg94",451443.375,7,735.596445098014
"73","SMP4_Brown_Cuckoo-Dove_Macropygia_amboinensis_Spp10029_RF_225m_vg94",61114.5,1,567.012737469554
"74","SMP4_Brown_Falcon_Falco_berigora_Spp10239_RF_225m_vg94",17286316.3125,3,629.857250161546
"75","SMP4_Brown_Gerygone_Gerygone_mouki_Spp10454_RF_225m_vg94",1059758.4375,4,778.043726147906
"76","SMP4_Brown_Goshawk_Accipiter_fasciatus_Spp10221_RF_225m_vg94",11407999.5,7,730.155786444929
"77","SMP4_Brown_Quail_Coturnix_ypsilophora_australis_Spp10010_RF_225m_vg94",11480018.625,10,728.528974276562
"78","SMP4_Brown_Songlark_Cincloramphus_cruralis_Spp10508_RF_225m_vg94",13882615.3125,6,697.555219106944
"79","SMP4_Brown_Thornbill_Acanthiza_pusilla_Spp10475_RF_225m_vg94",9528227.4375,13,766.414238685787
"80","SMP4_Brown_Toadlet_Pseudophryne_bibronii_Spp13117_RF_225m_vg94",3020216.625,9,672.28462724634
"81","SMP4_Brown_Treecreeper_south-eastern_ssp-_Climacteris_picumnus_victoriae_Spp60555_RF_225m_vg94",6970029.75,8,719.096953161263
"82","SMP4_Brown-headed_Honeyeater_Melithreptus_brevirostris_Spp10583_RF_225m_vg94",9532591.3125,5,723.243152788179
"83","SMP4_Brush_Bronzewing_Phaps_elegans_Spp10035_RF_225m_vg94",5781876.1875,19,743.360652888961
"84","SMP4_Brush_Cuckoo_Cacomantis_variolosus_Spp10339_RF_225m_vg94",5259066.75,15,775.872829648372
"85","SMP4_Brush-tailed_Phascogale_Phascogale_tapoatafa_Spp11017_RF_225m_vg94",1719792,12,735.773785187428
"86","SMP4_Brush-tailed_Rock-wallaby_Petrogale_penicillata_Spp11215_RF_225m_vg94",8459.4375,0,766.967252109481
"87","SMP4_Budgerigar_Melopsittacus_undulatus_Spp10310_RF_225m_vg94",8256355.3125,2,604.636721178145
"88","SMP4_Buff-banded_Rail_Gallirallus_philippensis_Spp10046_RF_225m_vg94",295963.875,8,899.026232603317
"89","SMP4_Buff-rumped_Thornbill_Acanthiza_reguloides_Spp10484_RF_225m_vg94",7848758.25,11,707.647833704876
"90","SMP4_Burtons_Snake-Lizard_Lialis_burtonis_Spp12170_RF_225m_vg94",761870.8125,12,768.277632173393
"91","SMP4_Bush_Rat_Rattus_fuscipes_Spp11395_RF_225m_vg94",1321621.3125,19,734.032929979341
"92","SMP4_Bush_Stone-curlew_Burhinus_grallarius_Spp10174_RF_225m_vg94",2190634.875,6,924.247935604258
"93","SMP4_Butlers_Legless_Lizard_Delma_butleri_Spp12167_RF_225m_vg94",751776.1875,4,759.647837131897
"94","SMP4_Bynoes_Gecko_Heteronotia_binoei_Spp12105_RF_225m_vg94",782880.1875,2,777.375197429938
"95","SMP4_Cape_Barren_Goose_Cereopsis_novaehollandiae_Spp10198_RF_225m_vg94",1294162.3125,10,929.958607086741
"96","SMP4_Carnabys_Wall_Skink_Cryptoblepharus_pannosus_Spp12326_RF_225m_vg94",3317704.3125,7,717.113132150809
"97","SMP4_Carpet_Python_Morelia_spilota_metcalfei_Spp62969_RF_225m_vg94",4437944.4375,6,649.567081383522
"98","SMP4_Caspian_Tern_Hydroprogne_caspia_Spp10112_RF_225m_vg94",22521381.75,3,808.647795320254
"99","SMP4_Cattle_Egret_Ardea_ibis_Spp10977_RF_225m_vg94",8986550.0625,8,758.728372974018
"100","SMP4_Central_Bearded_Dragon_Pogona_vitticeps_Spp12204_RF_225m_vg94",2930367.375,2,775.883823373685
"101","SMP4_Channel-billed_Cuckoo_Scythrops_novaehollandiae_Spp10348_RF_225m_vg94",858377.25,8,664.028517801107
"102","SMP4_Chestnut_Quail-thrush_Cinclosoma_castanotus_Spp10437_RF_225m_vg94",601814.8125,2,883.216205070395
"103","SMP4_Chestnut_Teal_Anas_castanea_Spp10210_RF_225m_vg94",2269883.25,14,711.112539465854
"104","SMP4_Chestnut-crowned_Babbler_Pomatostomus_ruficeps_Spp10446_RF_225m_vg94",1531446.75,4,859.752273167363
"105","SMP4_Chestnut-rumped_Heathwren_Calamanthus_pyrrhopygius_Spp10498_RF_225m_vg94",343176.75,41,728.930252339662
"106","SMP4_Chestnut-rumped_Thornbill_Acanthiza_uropygialis_Spp10481_RF_225m_vg94",4665807.5625,11,650.809829161718
"107","SMP4_Chocolate_Wattled_Bat_Chalinolobus_morio_Spp11351_RF_225m_vg94",9185369.625,15,698.431538737401
"108","SMP4_Clamorous_Reed_Warbler_Acrocephalus_stentoreus_Spp10524_RF_225m_vg94",2911175.4375,10,652.911531336142
"109","SMP4_Cockatiel_Nymphicus_hollandicus_Spp10274_RF_225m_vg94",10327834.125,6,669.293988412661
"110","SMP4_Collared_Sparrowhawk_Accipiter_cirrhocephalus_Spp10222_RF_225m_vg94",10034512.875,9,705.523673431183
"111","SMP4_Common_Bent-wing_Bat_eastern_ssp-_Miniopterus_schreibersii_oceanensis_Spp61342_RF_225m_vg94",4277103.75,15,743.196665382796
"112","SMP4_Common_Bent-wing_Bat_southern_ssp-_Miniopterus_schreibersii_bassanii_Spp61343_RF_225m_vg94",2581059.9375,2,693.366794166749
"113","SMP4_Common_Blue-tongued_Lizard_Tiliqua_scincoides_Spp12580_RF_225m_vg94",8509414.5,7,709.631908036694
"114","SMP4_Common_Bronzewing_Phaps_chalcoptera_Spp10034_RF_225m_vg94",12411230.0625,4,688.610200552094
"115","SMP4_Common_Brushtail_Possum_Trichosurus_vulpecula_Spp11113_RF_225m_vg94",11168381.25,7,757.283608218168
"116","SMP4_Common_Cicadabird_Coracina_tenuirostris_Spp10429_RF_225m_vg94",3827285.4375,7,765.115683571994
"117","SMP4_Common_Dunnart_Sminthopsis_murina_murina_Spp11061_RF_225m_vg94",3016136.25,16,889.521302193127
"118","SMP4_Common_Froglet_Crinia_signifera_Spp13134_RF_225m_vg94",10421429.625,7,701.613965067259
"119","SMP4_Common_Greenshank_Tringa_nebularia_Spp10158_RF_225m_vg94",99402.1875,6,1145.88909673597
"120","SMP4_Common_Ringtail_Possum_Pseudocheirus_peregrinus_Spp11129_RF_225m_vg94",7875852.75,7,688.729235601039
"121","SMP4_Common_Sandpiper_Actitis_hypoleucos_Spp10157_RF_225m_vg94",429274.6875,5,1207.05418007229
"122","SMP4_Common_Scaly-foot_Pygopus_lepidopodus_Spp12174_RF_225m_vg94",905094,19,809.342857988315
"123","SMP4_Common_Wombat_Vombatus_ursinus_Spp11165_RF_225m_vg94",5597429.0625,6,661.909897891727
"124","SMP4_Copper-tailed_Skink_Ctenotus_taeniolatus_Spp12386_RF_225m_vg94",671955.75,11,619.712206266391
"125","SMP4_Corangamite_Water_Skink_Eulamprus_tympanum_marnieae_Spp62958_RF_225m_vg94",115268.0625,4,1061.11938128269
"126","SMP4_Coventrys_Skink_Niveoscincus_coventryi_Spp12458_RF_225m_vg94",3320468.4375,8,758.962420890459
"127","SMP4_Crescent_Honeyeater_Phylidonyris_pyrrhoptera_Spp10630_RF_225m_vg94",854453.8125,9,795.209194659905
"128","SMP4_Crested_Bellbird_Oreoica_gutturalis_gutturalis_Spp10419_RF_225m_vg94",1533816,9,643.184271804395
"129","SMP4_Crested_Pigeon_Ocyphaps_lophotes_Spp10043_RF_225m_vg94",12508364.25,6,654.857340442546
"130","SMP4_Crested_Shrike-tit_Falcunculus_frontatus_Spp10416_RF_225m_vg94",9526830.1875,10,684.98372065271
"131","SMP4_Crested_Tern_Thalasseus_bergii_Spp10115_RF_225m_vg94",219515.0625,1,2077.022316905
"132","SMP4_Crimson_Chat_Epthianura_tricolor_Spp10449_RF_225m_vg94",4716574.3125,10,691.935962308748
"133","SMP4_Crimson_Rosella_Platycercus_elegans_Spp10282_RF_225m_vg94",10302941.8125,15,744.213576558157
"134","SMP4_Cunninghams_Skink_Egernia_cunninghami_Spp12408_RF_225m_vg94",3894439.5,3,709.734543254751
"135","SMP4_Curl_Snake_Suta_suta_Spp12722_RF_225m_vg94",1072531.125,9,804.088487046033
"136","SMP4_Curlew_Sandpiper_Calidris_ferruginea_Spp10161_RF_225m_vg94",77587.875,6,1414.90401970602
"137","SMP4_Darter_Anhinga_novaehollandiae_Spp10101_RF_225m_vg94",2237417.4375,15,722.648295244483
"138","SMP4_Delicate_Skink_Lampropholis_delicata_Spp12450_RF_225m_vg94",4721054.625,8,638.407000966911
"139","SMP4_Dendys_Toadlet_Pseudophryne_dendyi_Spp13120_RF_225m_vg94",2489788.125,1,609.865016541438
"140","SMP4_Desert_Skink_Liopholis_inornata_Spp12413_RF_225m_vg94",553918.5,5,902.215453662766
"141","SMP4_Diamond_Dove_Geopelia_cuneata_Spp10031_RF_225m_vg94",773043.75,8,742.220012258035
"142","SMP4_Diamond_Firetail_Stagonopleura_guttata_Spp10652_RF_225m_vg94",1400510.25,16,786.024785837414
"143","SMP4_Diamond_Python_Morelia_spilota_spilota_Spp62968_RF_225m_vg94",223463.8125,1,569.933854578151
"144","SMP4_Dollarbird_Eurystomus_orientalis_Spp10318_RF_225m_vg94",4694036.0625,8,774.618397530982
"145","SMP4_Double-banded_Plover_Charadrius_bicinctus_Spp10140_RF_225m_vg94",146574.5625,9,1511.20622843863
"146","SMP4_Double-barred_Finch_Taeniopygia_bichenovii_Spp10655_RF_225m_vg94",1168890.75,2,756.666768485537
"147","SMP4_Dusky_Antechinus_Antechinus_swainsonii_Spp11033_RF_225m_vg94",3328203.9375,12,779.965284606246
"148","SMP4_Dusky_Moorhen_Gallinula_tenebrosa_Spp10056_RF_225m_vg94",6366022.875,7,722.39036243247
"149","SMP4_Dusky_Woodswallow_Artamus_cyanopterus_Spp10547_RF_225m_vg94",12480788.8125,5,764.747503497317
"150","SMP4_Dwarf_Burrowing_Skink_Lerista_timida_Spp12492_RF_225m_vg94",229478.0625,5,875.157923097505
"151","SMP4_Dwarf_Galaxias_Galaxiella_pusilla_Spp4701_RF_225m_vg94",1193702.0625,4,610.793399777971
"152","SMP4_Dwyers_Snake_Parasuta_dwyeri_Spp12726_RF_225m_vg94",144964.6875,7,660.859702611653
"153","SMP4_Eastern_Barred_Bandicoot_Perameles_gunnii_Spp11098_Custom_225m_vg94",1771.875,0,33066.0014132741
"154","SMP4_Eastern_Bristlebird_Dasyornis_brachypterus_brachypterus_Spp10519_RF_225m_vg94",41740.3125,3,948.71416821066
"155","SMP4_Eastern_Broad-nosed_Bat_Scotorepens_orion_Spp11811_RF_225m_vg94",3013351.875,7,664.25813814179
"156","SMP4_Eastern_Brown_Snake_Pseudonaja_textilis_Spp12699_RF_225m_vg94",15481828.6875,3,663.073809854219
"157","SMP4_Eastern_Curlew_Numenius_madagascariensis_Spp10149_RF_225m_vg94",125094.375,4,2146.38036690559
"158","SMP4_Eastern_False_Pipistrelle_Falsistrellus_tasmaniensis_Spp11372_RF_225m_vg94",4198964.0625,16,790.69538034185
"159","SMP4_Eastern_Freetail_Bat_Mormopterus_sp-_2_Spp11839_RF_225m_vg94",9523964.8125,7,662.664128062327
"160","SMP4_Eastern_Great_Egret_Ardea_modesta_Spp10187_RF_225m_vg94",429213.9375,13,949.304892962131
"161","SMP4_Eastern_Grey_Kangaroo_Macropus_giganteus_Spp11265_RF_225m_vg94",10459454.0625,14,714.832872180594
"162","SMP4_Eastern_Horseshoe_Bat_Rhinolophus_megaphyllus_megaphyllus_Spp11303_RF_225m_vg94",1096254,9,659.739818935981
"163","SMP4_Eastern_Koel_Eudynamys_orientalis_Spp10347_RF_225m_vg94",126744.75,5,627.684588502577
"164","SMP4_Eastern_Pygmy-possum_Cercartetus_nanus_Spp11150_RF_225m_vg94",3771673.875,15,740.072385297309
"165","SMP4_Eastern_Reef_Egret_Egretta_sacra_Spp10191_RF_225m_vg94",30881.25,1,963.041207860331
"166","SMP4_Eastern_Rosella_Platycercus_eximius_Spp10288_RF_225m_vg94",11198467.6875,7,745.19758509142
"167","SMP4_Eastern_Small-eyed_Snake_Rhinoplocephalus_nigrescens_Spp12650_RF_225m_vg94",5221685.25,7,656.633018364822
"168","SMP4_Eastern_Snake-necked_Turtle_Chelodina_longicollis_Spp5134_RF_225m_vg94",78853.5,7,857.169528188043
"169","SMP4_Eastern_Spinebill_Acanthorhynchus_tenuirostris_Spp10591_RF_225m_vg94",5879536.875,17,783.088523241621
"170","SMP4_Eastern_Striped_Skink_Ctenotus_orientalis_Spp12936_RF_225m_vg94",802254.375,8,856.135639010982
"171","SMP4_Eastern_Three-lined_Skink_Acritoscincus_duperreyi_Spp12682_RF_225m_vg94",4475710.6875,14,618.12901576468
"172","SMP4_Eastern_Wallaroo_Macropus_robustus_robustus_Spp61266_RF_225m_vg94",413429.0625,2,746.233859010631
"173","SMP4_Eastern_Water_Skink_Eulamprus_quoyii_Spp12557_RF_225m_vg94",83789.4375,1,1030.53175050029
"174","SMP4_Eastern_Whipbird_Psophodes_olivaceus_Spp10421_RF_225m_vg94",3523763.25,8,707.392208954314
"175","SMP4_Eastern_Yellow_Robin_Eopsaltria_australis_Spp10392_RF_225m_vg94",6527202.75,11,761.52564406285
"176","SMP4_Elegant_Parrot_Neophema_elegans_Spp10307_RF_225m_vg94",438007.5,19,730.327509454181
"177","SMP4_Emu_Dromaius_novaehollandiae_Spp10001_RF_225m_vg94",1563289.875,28,729.778562764591
"178","SMP4_Eurasian_Coot_Fulica_atra_Spp10059_RF_225m_vg94",6860598.75,9,618.802225257183
"179","SMP4_Fairy_Martin_Petrochelidon_ariel_Spp10360_RF_225m_vg94",11025183.375,14,708.985222765358
"180","SMP4_Fan-tailed_Cuckoo_Cacomantis_flabelliformis_Spp10338_RF_225m_vg94",9939565.6875,17,709.472867842593
"181","SMP4_Fat-tailed_Dunnart_Sminthopsis_crassicaudata_Spp11072_RF_225m_vg94",7735545.5625,6,716.867855198736
"182","SMP4_Feathertail_Glider_Acrobates_pygmaeus_Spp11147_RF_225m_vg94",5732785.125,21,792.830965870826
"183","SMP4_Flame_Robin_Petroica_phoenicea_Spp10382_RF_225m_vg94",11524553.4375,6,727.407674073466
"184","SMP4_Flat-headed_Galaxias_Galaxias_rostratus_Spp4692_RF_225m_vg94",13952817,3,569.894015245705
"185","SMP4_Forest_Raven_Corvus_tasmanicus_Spp10868_RF_225m_vg94",3280494.9375,5,826.821598840427
"186","SMP4_Fork-tailed_Swift_Apus_pacificus_Spp10335_RF_225m_vg94",15880009.5,5,730.981774194512
"187","SMP4_Four-toed_Skink_Hemiergis_peronii_Spp12446_RF_225m_vg94",129924,7,887.178186211331
"188","SMP4_Freckled_Duck_Stictonetta_naevosa_Spp10214_RF_225m_vg94",131695.875,13,1084.21484451062
"189","SMP4_Freshwater_Catfish_Tandanus_tandanus_Spp528545_RF_225m_vg94",299234.25,16,773.79012389255
"190","SMP4_Fuscous_Honeyeater_Lichenostomus_fuscus_Spp10613_RF_225m_vg94",2766413.25,11,840.16498832876
"191","SMP4_Galah_Eolophus_roseicapillus_Spp10273_RF_225m_vg94",16559331.1875,5,657.323073874706
"192","SMP4_Gang-gang_Cockatoo_Callocephalon_fimbriatum_Spp10268_RF_225m_vg94",5469854.0625,14,748.160249700937
"193","SMP4_Garden_Skink_Lampropholis_guichenoti_Spp12451_RF_225m_vg94",6878919.9375,14,753.696645773962
"194","SMP4_Giant_Bullfrog_Limnodynastes_interioris_Spp13060_RF_225m_vg94",1965586.5,1,633.625579258771
"195","SMP4_Giant_Burrowing_Frog_Heleioporus_australiacus_Spp13042_RF_225m_vg94",984291.75,3,627.12303970063
"196","SMP4_Gilberts_Whistler_Pachycephala_inornata_Spp10403_RF_225m_vg94",2154154.5,11,777.878555627555
"197","SMP4_Giles_Planigale_Planigale_gilesi_Spp11050_RF_225m_vg94",102125.8125,1,1126.3432330109
"198","SMP4_Gippsland_Water_Dragon_Intellagama_lesueurii_howittii_Spp62919_RF_225m_vg94",2166193.125,2,662.165799709812
"199","SMP4_Glossy_Black-Cockatoo_Calyptorhynchus_lathami_lathami_Spp10265_RF_225m_vg94",103366.125,4,818.682940375799
"200","SMP4_Glossy_Grass_Skink_Pseudemoia_rawlinsoni_Spp12683_RF_225m_vg94",2163935.25,3,650.349492979803
"201","SMP4_Glossy_Ibis_Plegadis_falcinellus_Spp10178_RF_225m_vg94",349833.9375,23,892.874459609523
"202","SMP4_Golden_Perch_Macquaria_ambigua_Spp4873_RF_225m_vg94",1911751.875,15,688.24091696042
"203","SMP4_Golden_Whistler_Pachycephala_pectoralis_Spp10398_RF_225m_vg94",8625684.9375,13,739.594344041556
"204","SMP4_Golden-headed_Cisticola_Cisticola_exilis_Spp10525_RF_225m_vg94",488551.5,16,918.357753288171
"205","SMP4_Goulds_Long-eared_Bat_Nyctophilus_gouldi_Spp11334_RF_225m_vg94",4960045.125,19,830.667791664382
"206","SMP4_Goulds_Wattled_Bat_Chalinolobus_gouldii_Spp11349_RF_225m_vg94",13471995.9375,9,693.154116019635
"207","SMP4_Grass_skink_FORM_P-pag_cry_Pseudemoia_form_cryodoma_pagenstecheri_Spp12948_RF_225m_vg94",845710.875,3,818.619089386411
"208","SMP4_Grassland_Earless_Dragon_Tympanocryptis_pinguicolla_Spp12922_RF_225m_vg94",154117.6875,1,720.413465651336
"209","SMP4_Grays_Blind_Snake_Ramphotyphlops_nigrescens_Spp12599_RF_225m_vg94",420749.4375,5,784.914582115859
"210","SMP4_Great_Cormorant_Phalacrocorax_carbo_Spp10096_RF_225m_vg94",7064389.6875,13,627.052460594844
"211","SMP4_Great_Crested_Grebe_Podiceps_cristatus_Spp10060_RF_225m_vg94",83475.5625,4,1265.61543365253
"212","SMP4_Great_Knot_Calidris_tenuirostris_Spp10165_RF_225m_vg94",42297.1875,2,974.445978385583
"213","SMP4_Greater_Glider_Petauroides_volans_Spp11133_RF_225m_vg94",3261465,7,661.504729582899
"214","SMP4_Greater_Sand_Plover_Charadrius_leschenaultii_Spp10141_RF_225m_vg94",103664.8125,7,1364.15363397089
"215","SMP4_Green_and_Golden_Bell_Frog_Litoria_aurea_Spp13166_RF_225m_vg94",481808.25,3,1008.48464452379
"216","SMP4_Grey_Butcherbird_Cracticus_torquatus_Spp10702_RF_225m_vg94",12982199.0625,8,724.771158528432
"217","SMP4_Grey_Currawong_Strepera_versicolor_Spp10697_RF_225m_vg94",8993784.375,12,774.53767444202
"218","SMP4_Grey_Falcon_Falco_hypoleucos_Spp10236_RF_225m_vg94",989035.3125,11,754.562398083269
"219","SMP4_Grey_Fantail_Rhipidura_albiscapa_Spp10361_RF_225m_vg94",8458409.8125,15,665.309703565684
"220","SMP4_Grey_Goshawk_Accipiter_novaehollandiae_novaehollandiae_Spp10220_RF_225m_vg94",2770048.125,22,709.958493745117
"221","SMP4_Grey_Plover_Pluvialis_squatarola_Spp10136_RF_225m_vg94",117348.75,5,836.446448045641
"222","SMP4_Grey_Shrike-thrush_Colluricincla_harmonica_Spp10408_RF_225m_vg94",13240366.3125,3,729.558834020581
"223","SMP4_Grey_Teal_Anas_gracilis_Spp10211_RF_225m_vg94",8226086.625,10,716.020554036959
"224","SMP4_Grey-crowned_Babbler_Pomatostomus_temporalis_temporalis_Spp10443_RF_225m_vg94",1481773.5,4,849.678877546407
"225","SMP4_Grey-headed_Flying-fox_Pteropus_poliocephalus_Spp11280_RF_225m_vg94",312563.8125,8,889.841356532911
"226","SMP4_Grey-tailed_Tattler_Tringa_brevipes_Spp10155_RF_225m_vg94",18468,1,937.709519760831
"227","SMP4_Greys_Skink_Menetia_greyii_Spp12519_RF_225m_vg94",1417829.0625,11,711.376842511895
"228","SMP4_Ground_Cuckoo-shrike_Coracina_maxima_Spp10423_RF_225m_vg94",10428.75,1,1093.67695527367
"229","SMP4_Ground_Parrot_Pezoporus_wallicus_wallicus_Spp10311_RF_225m_vg94",11988,1,1078.28192076085
"230","SMP4_Growling_Grass_Frog_Litoria_raniformis_Spp13207_RF_225m_vg94",2790693,13,697.766703224616
"231","SMP4_Gull-billed_Tern_Gelochelidon_nilotica_macrotarsa_Spp10111_RF_225m_vg94",9609845.0625,15,642.88062398021
"232","SMP4_Guthega_Skink_Liopholis_guthega_Spp12432_RF_225m_vg94",3645,0,684.837735770632
"233","SMP4_Hardhead_Aythya_australis_Spp10215_RF_225m_vg94",1093515.1875,17,828.682520542372
"234","SMP4_Haswells_Froglet_Paracrinia_haswelli_Spp13103_RF_225m_vg94",1425812.625,2,698.722013927017
"235","SMP4_Heath_Mouse_Pseudomys_shortridgei_Spp11468_RF_225m_vg94",138429,4,749.135870201622
"236","SMP4_Helmeted_Honeyeater_Lichenostomus_melanops_cassidix_Spp60618_RF_225m_vg94",37589.0625,1,663.197959726683
"237","SMP4_Highland_Copperhead_Austrelaps_ramsayi_Spp12972_RF_225m_vg94",3899876.625,3,677.00050744674
"238","SMP4_Hoary-headed_Grebe_Poliocephalus_poliocephalus_Spp10062_RF_225m_vg94",7173689.0625,10,695.5967834449
"239","SMP4_Hooded_Plover_Thinornis_rubricollis_rubricollis_Spp10138_RF_225m_vg94",124365.375,4,977.467455887084
"240","SMP4_Hooded_Robin_Melanodryas_cucullata_cucullata_Spp10385_RF_225m_vg94",727314.1875,27,824.487490839335
"241","SMP4_Hooded_Scaly-foot_Pygopus_schraderi_Spp12176_RF_225m_vg94",127180.125,4,938.735449311132
"242","SMP4_Horsfields_Bronze-Cuckoo_Chrysococcyx_basalis_Spp10342_RF_225m_vg94",14506639.3125,5,715.904599824527
"243","SMP4_Horsfields_Bushlark_Mirafra_javanica_Spp10648_RF_225m_vg94",12979703.25,10,708.454335815722
"244","SMP4_Inland_Broad-nosed_Bat_Scotorepens_balstoni_Spp11364_RF_225m_vg94",7380811.125,4,633.114185139343
"245","SMP4_Inland_Dotterel_Charadrius_australis_Spp10145_RF_225m_vg94",17035.3125,2,1070.09538471182
"246","SMP4_Inland_Forest_Bat_Vespadelus_baverstocki_Spp11819_RF_225m_vg94",973017.5625,4,692.499424320871
"247","SMP4_Inland_Freetail_Bat_Mormopterus_sp-_3_Spp11809_RF_225m_vg94",852869.25,4,795.116694709619
"248","SMP4_Inland_Thornbill_Acanthiza_apicalis_Spp10476_RF_225m_vg94",3552467.625,8,715.03795935707
"249","SMP4_Intermediate_Egret_Ardea_intermedia_Spp10186_RF_225m_vg94",765855,14,1014.58517467927
"250","SMP4_Jacky_Winter_Microeca_fascinans_Spp10377_RF_225m_vg94",13054532.0625,6,718.359489987461
"251","SMP4_Kelp_Gull_Larus_dominicanus_Spp10981_RF_225m_vg94",4199333.625,21,744.672734292709
"252","SMP4_King_Quail_Coturnix_chinensis_victoriae_Spp10012_RF_225m_vg94",48544.3125,3,1059.58662475906
"253","SMP4_Koala_Phascolarctos_cinereus_Spp11162_RF_225m_vg94",5415649.875,17,716.909202022252
"254","SMP4_Lace_Monitor_Varanus_varius_Spp12283_RF_225m_vg94",7717831.875,12,681.915673109328
"255","SMP4_Large_Brown_Tree_Frog_Litoria_littlejohni_Spp13936_RF_225m_vg94",243885.9375,3,694.360495243471
"256","SMP4_Large_Forest_Bat_Vespadelus_darlingtoni_Spp11381_RF_225m_vg94",6888295.6875,15,756.5127179247
"257","SMP4_Large_Striped_Skink_Ctenotus_robustus_Spp12375_RF_225m_vg94",3960758.25,12,742.973671440351
"258","SMP4_Large-billed_Scrubwren_Sericornis_magnirostris_Spp10494_RF_225m_vg94",569966.625,7,858.530227776187
"259","SMP4_Lathams_Snipe_Gallinago_hardwickii_Spp10168_RF_225m_vg94",894796.875,18,882.784058228122
"260","SMP4_Laughing_Kookaburra_Dacelo_novaeguineae_Spp10322_RF_225m_vg94",12619845.5625,7,687.967996471809
"261","SMP4_Leadbeaters_Possum_Gymnobelideus_leadbeateri_Spp11141_RF_225m_vg94",353878.875,2,763.448764906818
"262","SMP4_Leaden_Flycatcher_Myiagra_rubecula_Spp10365_RF_225m_vg94",6373150.875,15,748.854243433311
"263","SMP4_Lesser_Long-eared_Bat_Nyctophilus_geoffroyi_Spp11335_RF_225m_vg94",11149705.6875,13,710.867599682215
"264","SMP4_Lesser_Sand_Plover_Charadrius_mongolus_Spp10139_RF_225m_vg94",112569.75,4,1532.43915442043
"265","SMP4_Lesueurs_Frog_Litoria_lesueuri_Spp13192_RF_225m_vg94",2719873.6875,8,597.382530632566
"266","SMP4_Lewins_Honeyeater_Meliphaga_lewinii_Spp10605_RF_225m_vg94",1250903.25,14,727.725719952819
"267","SMP4_Lewins_Rail_Lewinia_pectoralis_pectoralis_Spp10045_RF_225m_vg94",1209841.3125,11,773.198649654866
"268","SMP4_Lined_Earless_Dragon_Tympanocryptis_lineata_Spp62921_RF_225m_vg94",35073,2,902.738885695745
"269","SMP4_Little_Black_Cormorant_Phalacrocorax_sulcirostris_Spp10097_RF_225m_vg94",2433174.1875,15,685.586528569728
"270","SMP4_Little_Broad-nosed_Bat_Scotorepens_greyii_Spp11362_RF_225m_vg94",840167.4375,3,813.215973220613
"271","SMP4_Little_Button-quail_Turnix_velox_Spp10018_RF_225m_vg94",144903.9375,21,804.173523112002
"272","SMP4_Little_Corella_Cacatua_sanguinea_Spp10271_RF_225m_vg94",11446677,8,682.269167713231
"273","SMP4_Little_Crow_Corvus_bennetti_Spp10691_RF_225m_vg94",1702832.625,2,721.859907508895
"274","SMP4_Little_Eagle_Hieraaetus_morphnoides_Spp10225_RF_225m_vg94",14716702.6875,5,673.568326473936
"275","SMP4_Little_Egret_Egretta_garzetta_nigripes_Spp10185_RF_225m_vg94",161048.25,11,1064.53226476647
"276","SMP4_Little_Forest_Bat_Vespadelus_vulturnus_Spp11379_RF_225m_vg94",9265458.375,14,677.699974651349
"277","SMP4_Little_Friarbird_Philemon_citreogularis_Spp10646_RF_225m_vg94",6109030.125,14,741.075150347346
"278","SMP4_Little_Grassbird_Megalurus_gramineus_Spp10522_RF_225m_vg94",2805799.5,10,689.127042809553
"279","SMP4_Little_Lorikeet_Glossopsitta_pusilla_Spp10260_RF_225m_vg94",5821844.625,5,702.547408461675
"280","SMP4_Little_Pied_Cormorant_Microcarbo_melanoleucos_Spp10100_RF_225m_vg94",6666770.8125,9,645.515817420745
"281","SMP4_Little_Pygmy-possum_Cercartetus_lepidus_Spp11152_RF_225m_vg94",803535.1875,5,1126.50895337512
"282","SMP4_Little_Raven_Corvus_mellori_Spp10954_RF_225m_vg94",16083972.5625,4,662.69689491446
"283","SMP4_Little_Tern_Sternula_albifrons_sinensis_Spp10117_RF_225m_vg94",628448.625,2,1131.53926818645
"284","SMP4_Little_Wattlebird_Anthochaera_chrysoptera_Spp10637_RF_225m_vg94",910607.0625,11,882.935922553538
"285","SMP4_Little_Whip_Snake_Parasuta_flagellum_Spp12727_RF_225m_vg94",3972047.625,4,753.102794056284
"286","SMP4_Long-billed_Corella_Cacatua_tenuirostris_Spp10272_RF_225m_vg94",11092443.75,8,754.493072047869
"287","SMP4_Long-footed_Potoroo_Potorous_longipes_Spp11179_RF_225m_vg94",676775.25,3,693.254196646944
"288","SMP4_Long-nosed_Bandicoot_Perameles_nasuta_Spp11097_RF_225m_vg94",1811929.5,19,779.918905499572
"289","SMP4_Long-nosed_Potoroo_Potorous_tridactylus_tridactylus_Spp11175_RF_225m_vg94",699667.875,10,904.731292836195
"290","SMP4_Long-toed_Stint_Calidris_subminuta_Spp10965_RF_225m_vg94",4460.0625,0,1819.72517189317
"291","SMP4_Lowland_Copperhead_Austrelaps_superbus_Spp12973_RF_225m_vg94",6433607.25,3,654.542272769317
"292","SMP4_Macquarie_Perch_Macquaria_australasica_Spp4874_RF_225m_vg94",1510913.25,31,662.811945026195
"293","SMP4_Magpie_Goose_Anseranas_semipalmata_Spp10199_RF_225m_vg94",200718,9,919.170878597913
"294","SMP4_Magpie-lark_Grallina_cyanoleuca_Spp10415_RF_225m_vg94",12341802.9375,9,726.068819319769
"295","SMP4_Major_Mitchells_Cockatoo_Lophocroa_leadbeateri_Spp10270_RF_225m_vg94",1301983.875,4,620.843955685061
"296","SMP4_Mallee_Dragon_Ctenophorus_fordi_Spp12185_RF_225m_vg94",739180.6875,2,778.331999886885
"297","SMP4_Mallee_Emu-wren_Stipiturus_mallee_Spp10527_RF_225m_vg94",370534.5,2,1003.58949723038
"298","SMP4_Mallee_Ningaui_Ningaui_yvonneae_Spp11055_RF_225m_vg94",693258.75,3,740.750820261696
"299","SMP4_Mallee_Worm-Lizard_Aprasia_aurita_Spp12141_RF_225m_vg94",254010.9375,1,797.843571458088
"300","SMP4_Malleefowl_Leipoa_ocellata_Spp10007_RF_225m_vg94",693496.6875,5,1171.75459179237
"301","SMP4_Marbled_Gecko_Christinus_marmoratus_Spp12126_RF_225m_vg94",1087384.5,20,762.699730278318
"302","SMP4_Marsh_Sandpiper_Tringa_stagnatilis_Spp10159_RF_225m_vg94",293250.375,11,1203.25751930973
"303","SMP4_Martins_Toadlet_Uperoleia_martini_Spp13930_RF_225m_vg94",49161.9375,6,742.162992766721
"304","SMP4_Masked_Lapwing_Vanellus_miles_Spp10133_RF_225m_vg94",8785361.25,10,693.961961219454
"305","SMP4_Masked_Owl_Tyto_novaehollandiae_novaehollandiae_Spp10250_RF_225m_vg94",534949.3125,6,827.427596062571
"306","SMP4_Masked_Woodswallow_Artamus_personatus_Spp10544_RF_225m_vg94",9705121.3125,5,656.507992400155
"307","SMP4_Masters_Snake_Drysdalia_mastersii_Spp12666_RF_225m_vg94",643312.125,1,657.778877614098
"308","SMP4_McCoys_Skink_Anepischtos_maccoyi_Spp12444_RF_225m_vg94",4020551.4375,8,761.933063369134
"309","SMP4_Metallic_Skink_Niveoscincus_metallicus_Spp12462_RF_225m_vg94",1024655.0625,4,792.979436260463
"310","SMP4_Mistletoebird_Dicaeum_hirundinaceum_Spp10564_RF_225m_vg94",12643376.0625,7,721.719779070705
"311","SMP4_Mitchells_Hopping-mouse_Notomys_mitchelli_Spp11480_RF_225m_vg94",633946.5,4,806.70960325274
"312","SMP4_Mitchells_Short-tailed_Snake_Parasuta_nigriceps_Spp12724_RF_225m_vg94",1993622.625,8,806.510440525832
"313","SMP4_Mountain_Brushtail_Possum_Trichosurus_cunninghami_Spp11115_RF_225m_vg94",1821507.75,9,697.716581459943
"314","SMP4_Mountain_Dragon_Angelsea_form_Rankinia_diemensis_Anglesea_Spp63940_RF_225m_vg94",754.3125,0,599.928645274429
"315","SMP4_Mountain_Dragon_Grampians_form_Rankinia_diemensis_Grampians_Spp63941_RF_225m_vg94",2136.375,0,908.531798469739
"316","SMP4_Mountain_Dragon_Rankinia_diemensis_Spp12182_RF_225m_vg94",3204385.3125,13,731.49079536757
"317","SMP4_Mountain_Galaxias_Galaxias_olidus_Spp4697_RF_225m_vg94",2388107.8125,14,600.213305571154
"318","SMP4_Mountain_Pygmy-possum_Burramys_parvus_Spp11156_RF_225m_vg94",25358.0625,1,5679.33342981359
"319","SMP4_Mountain_Skink_Liopholis_montana_Spp12433_RF_225m_vg94",25039.125,2,1042.46800910179
"320","SMP4_Mulga_Parrot_Psephotus_varius_Spp10296_RF_225m_vg94",2656045.6875,4,733.782104938364
"321","SMP4_Murray_Cod_Maccullochella_peelii_Spp4871_RF_225m_vg94",823046.0625,16,816.948251666762
"322","SMP4_Murray_Hardyhead_Craterocephalus_fluviatilis_Spp4784_RF_225m_vg94",5589,0,1103.64052734086
"323","SMP4_Murray_River_Turtle_Emydura_macquarii_Spp5135_RF_225m_vg94",13687410.375,5,549.798147226151
"324","SMP4_Murray_Striped_Skink_Ctenotus_brachyonyx_Spp12342_RF_225m_vg94",1224558,2,677.762431397152
"325","SMP4_Murray-Darling_Rainbowfish_Melanotaenia_fluviatilis_Spp4774_RF_225m_vg94",12027062.25,2,529.533769233473
"326","SMP4_Musk_Duck_Biziura_lobata_Spp10217_RF_225m_vg94",201973.5,16,1004.37965870734
"327","SMP4_Musk_Lorikeet_Glossopsitta_concinna_Spp10258_RF_225m_vg94",7228085.625,10,743.933580426196
"328","SMP4_Nankeen_Kestrel_Falco_cenchroides_Spp10240_RF_225m_vg94",17194183.875,6,617.580178857566
"329","SMP4_Nankeen_Night_Heron_Nycticorax_caledonicus_hillii_Spp10192_RF_225m_vg94",563142.375,13,903.530538250063
"330","SMP4_New_Holland_Honeyeater_Phylidonyris_novaehollandiae_Spp10631_RF_225m_vg94",8850449.8125,11,729.409423431536
"331","SMP4_New_Holland_Mouse_Pseudomys_novaehollandiae_Spp11455_RF_225m_vg94",26557.875,2,925.129568681529
"332","SMP4_Nobbi_Dragon_Amphibolurus_nobbi_Spp19000_RF_225m_vg94",679782.375,3,718.152778040314
"333","SMP4_Noisy_Friarbird_Philemon_corniculatus_Spp10645_RF_225m_vg94",5735939.0625,8,762.06906371002
"334","SMP4_Noisy_Miner_Manorina_melanocephala_Spp10634_RF_225m_vg94",11709937.125,10,746.702192489839
"335","SMP4_Norriss_Dragon_Amphibolurus_norrisi_Spp12209_RF_225m_vg94",712263.375,4,853.385900712927
"336","SMP4_Obscure_Skink_Morethia_obscura_Spp12529_RF_225m_vg94",853557.75,9,795.345605259148
"337","SMP4_Olive_Legless_Lizard_Delma_inornata_Spp12160_RF_225m_vg94",4249578.9375,4,779.11709893813
"338","SMP4_Olive_Whistler_Pachycephala_olivacea_Spp10405_RF_225m_vg94",3444150.375,13,724.201280037889
"339","SMP4_Olive-backed_Oriole_Oriolus_sagittatus_Spp10671_RF_225m_vg94",6937396.875,17,732.146072820917
"340","SMP4_Orange_Chat_Epthianura_aurifrons_Spp10450_RF_225m_vg94",3893953.5,8,716.734978981492
"341","SMP4_Orange-bellied_Parrot_Neophema_chrysogaster_Spp10305_RF_225m_vg94",6120.5625,0,687.266738854417
"342","SMP4_Osprey_Pandion_cristatus_Spp10241_RF_225m_vg94",13076.4375,2,3370.26131209395
"343","SMP4_Pacific_Barn_Owl_Tyto_javanica_Spp10249_RF_225m_vg94",17117487,3,622.122880088115
"344","SMP4_Pacific_Black_Duck_Anas_superciliosa_Spp10208_RF_225m_vg94",8794397.8125,11,623.516542935059
"345","SMP4_Pacific_Golden_Plover_Pluvialis_fulva_Spp10137_RF_225m_vg94",97255.6875,6,1195.68982740545
"346","SMP4_Pacific_Gull_Larus_pacificus_pacificus_Spp60126_RF_225m_vg94",114559.3125,4,1433.94215059745
"347","SMP4_Painted_Button-quail_Turnix_varia_Spp10014_RF_225m_vg94",5597960.625,16,706.954728196444
"348","SMP4_Painted_Dragon_Ctenophorus_pictus_Spp12199_RF_225m_vg94",2082196.125,4,751.880605175821
"349","SMP4_Painted_Honeyeater_Grantiella_picta_Spp10598_RF_225m_vg94",1100511.5625,13,776.194349165756
"350","SMP4_Pallid_Cuckoo_Cacomantis_pallidus_Spp10337_RF_225m_vg94",13245079.5,6,653.889788538144
"351","SMP4_Patch-nosed_Brown_Snake_Pseudonaja_aspidorhyncha_Spp12698_RF_225m_vg94",1390840.875,3,884.516329990454
"352","SMP4_Peaceful_Dove_Geopelia_striata_Spp10030_RF_225m_vg94",5745264.1875,13,746.69444930657
"353","SMP4_Pectoral_Sandpiper_Calidris_melanotos_Spp10978_RF_225m_vg94",160881.1875,9,1018.89206993729
"354","SMP4_Peregrine_Falcon_Falco_peregrinus_Spp10237_RF_225m_vg94",14921253,4,719.314607882267
"355","SMP4_Perons_Tree_Frog_Litoria_peronii_Spp13204_RF_225m_vg94",7196212.125,7,741.360782126563
"356","SMP4_Peterss_Blind_Snake_Ramphotyphlops_bituberculatus_Spp12588_RF_225m_vg94",3244379.0625,3,766.057381126905
"357","SMP4_Pied_Butcherbird_Cracticus_nigrogularis_Spp10700_RF_225m_vg94",6862107.375,10,694.045507463216
"358","SMP4_Pied_Cormorant_Phalacrocorax_varius_Spp10099_RF_225m_vg94",154396.125,13,1095.59534181527
"359","SMP4_Pied_Currawong_Strepera_graculina_Spp10694_RF_225m_vg94",7997074.3125,10,737.015213893356
"360","SMP4_Pied_Oystercatcher_Haematopus_longirostris_Spp10130_RF_225m_vg94",109461.375,4,1149.12612329152
"361","SMP4_Pilotbird_Pycnoptilus_floccosus_Spp10506_RF_225m_vg94",526646.8125,13,673.822532845552
"362","SMP4_Pink_Robin_Petroica_rodinogaster_Spp10383_RF_225m_vg94",7162946.4375,17,708.798466643196
"363","SMP4_Pink-eared_Duck_Malacorhynchus_membranaceus_Spp10213_RF_225m_vg94",2212418.8125,12,746.011302291772
"364","SMP4_Pink-nosed_Worm-Lizard_Aprasia_inaurita_Spp12143_RF_225m_vg94",581387.625,3,1005.09194803059
"365","SMP4_Pink-tailed_Worm-Lizard_Aprasia_parapulchella_Spp12144_RF_225m_vg94",18063,1,2266.90164899438
"366","SMP4_Plains_Brown_Tree_Frog_Litoria_paraewingi_Spp13203_RF_225m_vg94",3511395.5625,1,642.007804773936
"367","SMP4_Plains_Froglet_Crinia_parinsignifera_Spp13131_RF_225m_vg94",7014868.3125,4,768.184521287746
"368","SMP4_Plains-wanderer_Pedionomus_torquatus_Spp10020_RF_225m_vg94",189251.4375,3,895.653092109433
"369","SMP4_Platypus_Ornithorhynchus_anatinus_Spp5136_RF_225m_vg94",17853503.625,3,489.759232563509
"370","SMP4_Plumed_Whistling-Duck_Dendrocygna_eytoni_Spp10205_RF_225m_vg94",5126257.125,13,703.510102444946
"371","SMP4_Pobblebonk_Frog_Limnodynastes_dumerilii_dumerilii_Spp63913_RF_225m_vg94",6387558.75,6,689.742993543765
"372","SMP4_Pobblebonk_Frog_Limnodynastes_dumerilii_insularis_Spp63914_RF_225m_vg94",1905297.1875,3,683.691009597902
"373","SMP4_Pobblebonk_Frog_Limnodynastes_dumerilii_variegatus_Spp63915_RF_225m_vg94",279272.8125,10,694.880280762687
"374","SMP4_Port_Lincoln_Snake_Parasuta_spectabilis_Spp12813_RF_225m_vg94",79253.4375,1,947.097097156836
"375","SMP4_Powerful_Owl_Ninox_strenua_Spp10248_RF_225m_vg94",1584456.1875,20,767.940462002999
"376","SMP4_Purple_Swamphen_Porphyrio_porphyrio_Spp10058_RF_225m_vg94",6909603.75,7,684.046772352973
"377","SMP4_Purple-crowned_Lorikeet_Glossopsitta_porphyrocephala_Spp10259_RF_225m_vg94",482208.1875,13,776.265367074871
"378","SMP4_Purple-gaped_Honeyeater_Lichenostomus_cratitius_Spp10620_RF_225m_vg94",1488602.8125,6,716.975914740455
"379","SMP4_Rainbow_Bee-eater_Merops_ornatus_Spp10329_RF_225m_vg94",9635886.5625,5,685.348786660437
"380","SMP4_Rainbow_Lorikeet_Trichoglossus_haematodus_Spp10254_RF_225m_vg94",3416205.375,18,771.596642518106
"381","SMP4_Red_Kangaroo_Macropus_rufus_Spp11275_RF_225m_vg94",1235568.9375,7,809.732651804223
"382","SMP4_Red_Knot_Calidris_canutus_Spp10164_RF_225m_vg94",70581.375,3,1313.97913681957
"383","SMP4_Red_Wattlebird_Anthochaera_carunculata_Spp10638_RF_225m_vg94",13569975.5625,4,727.645844068955
"384","SMP4_Red-backed_Kingfisher_Todiramphus_pyrropygia_pyrropygia_Spp10325_RF_225m_vg94",1340620.875,6,792.519448997925
"385","SMP4_Red-bellied_Black_Snake_Pseudechis_porphyriacus_Spp12693_RF_225m_vg94",7419270.9375,7,642.222791306263
"386","SMP4_Red-browed_Finch_Neochmia_temporalis_Spp10662_RF_225m_vg94",9688086,7,749.886827721882
"387","SMP4_Red-browed_Treecreeper_Climacteris_erythrops_Spp10560_RF_225m_vg94",4170128.0625,7,765.303242760942
"388","SMP4_Red-capped_Plover_Charadrius_ruficapillus_Spp10143_RF_225m_vg94",88209,8,1378.06929477306
"389","SMP4_Red-capped_Robin_Petroica_goodenovii_Spp10381_RF_225m_vg94",7916494.5,8,675.09258886989
"390","SMP4_Red-chested_Button-quail_Turnix_pyrrhothorax_Spp10019_RF_225m_vg94",14650.875,1,1259.76082048115
"391","SMP4_Red-kneed_Dotterel_Erythrogonys_cinctus_Spp10132_RF_225m_vg94",96865.875,3,1365.51222658985
"392","SMP4_Red-lored_Whistler_Pachycephala_rufogularis_Spp10402_RF_225m_vg94",290602.6875,3,833.54049523208
"393","SMP4_Red-naped_Snake_Furina_diadema_Spp12669_RF_225m_vg94",47709,2,761.932021981795
"394","SMP4_Red-necked_Avocet_Recurvirostra_novaehollandiae_Spp10148_RF_225m_vg94",706770.5625,22,895.341610065109
"395","SMP4_Red-necked_Stint_Calidris_ruficollis_Spp10162_RF_225m_vg94",98749.125,9,1499.95186905889
"396","SMP4_Red-necked_Wallaby_Macropus_rufogriseus_Spp11261_RF_225m_vg94",1504600.3125,9,779.131493652163
"397","SMP4_Red-rumped_Parrot_Psephotus_haematonotus_Spp10295_RF_225m_vg94",11588401.6875,4,711.678351427993
"398","SMP4_Red-tailed_Black-Cockatoo_Calyptorhynchus_banksii_graptogyne_Spp10264_RF_225m_vg94",322977.375,4,904.732977474655
"399","SMP4_Red-throated_Skink_Acritoscincus_platynotus_Spp12464_RF_225m_vg94",237562.875,5,660.216548108898
"400","SMP4_Redthroat_Pyrrholaemus_brunneus_Spp10497_RF_225m_vg94",142909.3125,4,843.555762411642
"401","SMP4_Regal_Striped_Skink_Ctenotus_regius_Spp12374_RF_225m_vg94",1251672.75,3,689.134600511372
"402","SMP4_Regent_Honeyeater_Anthochaera_phrygia_Spp10603_RF_225m_vg94",880642.125,7,790.784274502623
"403","SMP4_Regent_Parrot_Polytelis_anthopeplus_monarchoides_Spp10278_RF_225m_vg94",331669.6875,7,849.619846084933
"404","SMP4_Restless_Flycatcher_Myiagra_inquieta_Spp10369_RF_225m_vg94",13163780.8125,2,719.440666943086
"405","SMP4_River_Blackfish_Gadopsis_marmoratus_Spp4949_RF_225m_vg94",7480977.75,8,702.248836413235
"406","SMP4_River_Blackfish_upper_Wannon_River_form_Gadopsis_marmoratus_upper_Wannon_Spp4950_RF_225m_vg94",1053,0,1897.86330530109
"407","SMP4_Rose_Robin_Petroica_rosea_Spp10384_RF_225m_vg94",4169895.1875,26,734.564166268233
"408","SMP4_Rosenbergs_Goanna_Varanus_rosenbergi_Spp12287_RF_225m_vg94",407121.1875,4,677.12157227578
"409","SMP4_Royal_Spoonbill_Platalea_regia_Spp10181_RF_225m_vg94",452329.3125,14,982.645615908035
"410","SMP4_Ruddy_Turnstone_Arenaria_interpres_Spp10129_RF_225m_vg94",38880,1,1033.23672364486
"411","SMP4_Ruff_Philomachus_pugnax_Spp10934_RF_225m_vg94",9304156.125,13,580.216106093319
"412","SMP4_Rufous_Bristlebird_Dasyornis_broadbenti_Spp10521_RF_225m_vg94",106479.5625,1,1965.86378686129
"413","SMP4_Rufous_Fantail_Rhipidura_rufifrons_Spp10362_RF_225m_vg94",4339271.25,22,729.972038082879
"414","SMP4_Rufous_Fieldwren_Calamanthus_campestris_Spp10502_RF_225m_vg94",116751.375,9,766.549932186063
"415","SMP4_Rufous_Songlark_Cincloramphus_mathewsi_Spp10509_RF_225m_vg94",13704273.5625,4,672.413595077598
"416","SMP4_Rufous_Whistler_Pachycephala_rufiventris_Spp10401_RF_225m_vg94",13578379.3125,5,724.581549434933
"417","SMP4_Rugose_Toadlet_Uperoleia_rugosa_Spp13151_RF_225m_vg94",796797,1,588.373010826312
"418","SMP4_Sacred_Kingfisher_Todiramphus_sanctus_Spp10326_RF_225m_vg94",6761586.375,8,658.816458256493
"419","SMP4_Saltbush_Striped_Skink_Ctenotus_olympicus_Spp19008_RF_225m_vg94",162435.375,5,618.397671885114
"420","SMP4_Samphire_Skink_Morethia_adelaidensis_Spp12525_RF_225m_vg94",172195.875,6,913.145225194564
"421","SMP4_Sand_Goanna_Varanus_gouldii_Spp12271_RF_225m_vg94",981598.5,14,819.25216432517
"422","SMP4_Sanderling_Calidris_alba_Spp10166_RF_225m_vg94",18184.5,1,780.250644190666
"423","SMP4_Satin_Bowerbird_Ptilonorhynchus_violaceus_Spp10679_RF_225m_vg94",4621277.8125,11,764.736672808367
"424","SMP4_Satin_Flycatcher_Myiagra_cyanoleuca_Spp10366_RF_225m_vg94",6031629.5625,21,755.109990408055
"425","SMP4_Scaly-breasted_Lorikeet_Trichoglossus_chlorolepidotus_Spp10256_RF_225m_vg94",49258.125,2,802.646734640417
"426","SMP4_Scarlet_Honeyeater_Myzomela_sanguinolenta_Spp10586_RF_225m_vg94",2543830.3125,11,687.88218563457
"427","SMP4_Scarlet_Robin_Petroica_boodang_Spp10380_RF_225m_vg94",10424320.3125,10,758.292182494805
"428","SMP4_Scarlet-chested_Parrot_Neophema_splendida_Spp10303_RF_225m_vg94",166576.5,3,763.636260734809
"429","SMP4_Sharp-tailed_Sandpiper_Calidris_acuminata_Spp10163_RF_225m_vg94",2091101.0625,17,801.847130783863
"430","SMP4_Shining_Bronze-Cuckoo_Chrysococcyx_lucidus_Spp10344_RF_225m_vg94",9101195.4375,14,735.658701531486
"431","SMP4_Short-beaked_Echidna_Tachyglossus_aculeatus_Spp11003_RF_225m_vg94",11286231.1875,12,753.700702581207
"432","SMP4_Shy_Heathwren_Calamanthus_cautus_Spp10499_RF_225m_vg94",788357.8125,7,882.141487475865
"433","SMP4_Silky_Mouse_Pseudomys_apodemoides_Spp11457_RF_225m_vg94",580896.5625,3,781.222308165552
"434","SMP4_Silver_Gull_Chroicocephalus_novaehollandiae_Spp10125_RF_225m_vg94",2225571.1875,12,768.504631666041
"435","SMP4_Silver_Perch_Bidyanus_bidyanus_Spp528544_RF_225m_vg94",847604.25,12,987.231382900319
"436","SMP4_Silvereye_Zosterops_lateralis_Spp10574_RF_225m_vg94",10595012.625,14,737.873079317413
"437","SMP4_Singing_Honeyeater_Lichenostomus_virescens_Spp10608_RF_225m_vg94",3056874.1875,17,712.036368898219
"438","SMP4_Slender-billed_Thornbill_Acanthiza_iredalei_hedleyi_Spp10482_RF_225m_vg94",769054.5,4,715.948049785736
"439","SMP4_Sloanes_Froglet_Crinia_sloanei_Spp13135_RF_225m_vg94",1656222.1875,1,588.842129454033
"440","SMP4_Smoky_Mouse_Pseudomys_fumeus_Spp11458_RF_225m_vg94",1131990.1875,10,736.339361369155
"441","SMP4_Smooth_Toadlet_Uperoleia_laevigata_Spp13158_RF_225m_vg94",2363747.0625,3,544.030589815162
"442","SMP4_Sooty_Owl_Tyto_tenebricosa_tenebricosa_Spp10253_RF_225m_vg94",671864.625,7,745.723501107365
"443","SMP4_Sooty_Oystercatcher_Haematopus_fuliginosus_Spp10131_RF_225m_vg94",49592.25,1,645.499630353443
"444","SMP4_South-eastern_Long-eared_Bat_Nyctophilus_corbeni_Spp61332_RF_225m_vg94",1355185.6875,7,745.335217959508
"445","SMP4_Southern_Boobook_Ninox_novaeseelandiae_Spp10242_RF_225m_vg94",12425810.0625,10,737.692240090599
"446","SMP4_Southern_Brown_Bandicoot_Isoodon_obesulus_obesulus_Spp61092_RF_225m_vg94",730488.375,14,715.034300431532
"447","SMP4_Southern_Brown_Tree_Frog_Litoria_ewingii_Spp13182_RF_225m_vg94",4579324.875,13,698.233929043759
"448","SMP4_Southern_Bullfrog_ssp-_unknown_Limnodynastes_dumerilii_Spp13058_RF_225m_vg94",10793422.125,7,718.496719386187
"449","SMP4_Southern_Emu-wren_Stipiturus_malachurus_Spp10526_RF_225m_vg94",937539.5625,7,770.257387839628
"450","SMP4_Southern_Forest_Bat_Vespadelus_regulus_Spp11378_RF_225m_vg94",7942763.8125,15,781.659933833875
"451","SMP4_Southern_Freetail_Bat_Mormopterus_sp-_4_Spp11808_RF_225m_vg94",8011877.0625,6,688.84185651401
"452","SMP4_Southern_Grass_Skink_Pseudemoia_entrecasteauxii_Spp12994_RF_225m_vg94",1784541.375,15,692.747140916345
"453","SMP4_Southern_Legless_Lizard_Delma_australis_Spp12154_RF_225m_vg94",1740269.8125,2,696.571086058606
"454","SMP4_Southern_Myotis_Myotis_macropus_Spp11357_RF_225m_vg94",9506215.6875,9,611.558442701982
"455","SMP4_Southern_Rainbow_Skink_Carlia_tetradactyla_Spp12318_RF_225m_vg94",1673298,1,654.005203376335
"456","SMP4_Southern_Scrub-robin_Drymodes_brunneopygia_Spp10441_RF_225m_vg94",840435.75,5,1025.00904766246
"457","SMP4_Southern_Smooth_Froglet_Geocrinia_laevis_Spp13029_RF_225m_vg94",441009.5625,4,950.006443569157
"458","SMP4_Southern_Spiny-tailed_Gecko_Strophurus_intermedius_Spp12059_RF_225m_vg94",898239.375,2,762.53121311519
"459","SMP4_Southern_Toadlet_Pseudophryne_semimarmorata_Spp13125_RF_225m_vg94",372817.6875,18,750.460134910461
"460","SMP4_Southern_Water_Skink_Eulamprus_tympanum_tympanum_Spp62956_RF_225m_vg94",4710980.25,20,760.770389585399
"461","SMP4_Southern_Whiteface_Aphelocephala_leucopsis_Spp10466_RF_225m_vg94",8657953.3125,6,633.79322894283
"462","SMP4_Spangled_Drongo_Dicrurus_bracteatus_Spp10673_RF_225m_vg94",254253.9375,6,665.014673518226
"463","SMP4_Speckled_Warbler_Chthonicola_sagittatus_Spp10504_RF_225m_vg94",59783.0625,11,752.492687333268
"464","SMP4_Spencers_Skink_Pseudemoia_spenceri_Spp12541_RF_225m_vg94",3482974.6875,11,710.729196891267
"465","SMP4_Spiny-cheeked_Honeyeater_Acanthagenys_rufogularis_Spp10640_RF_225m_vg94",4673851.875,14,701.41293442419
"466","SMP4_Splendid_Fairy-wren_Malurus_splendens_Spp10532_RF_225m_vg94",849436.875,2,767.385538198102
"467","SMP4_Spot-tailed_Quoll_Dasyurus_maculatus_maculatus_Spp11008_RF_225m_vg94",3324867.75,6,680.623006503638
"468","SMP4_Spotless_Crake_Porzana_tabuensis_Spp10051_RF_225m_vg94",134080.3125,8,1067.24534551264
"469","SMP4_Spotted_Burrowing_Skink_Lerista_punctatovittata_Spp12499_RF_225m_vg94",1075067.4375,3,783.4691095917
"470","SMP4_Spotted_Harrier_Circus_assimilis_Spp10218_RF_225m_vg94",117176.625,24,850.089812287256
"471","SMP4_Spotted_Marsh_Frog_race_unknown_Limnodynastes_tasmaniensis_Spp13063_RF_225m_vg94",10381542.1875,8,778.713252401205
"472","SMP4_Spotted_Nightjar_Eurostopodus_argus_Spp10331_RF_225m_vg94",5476227.75,5,648.819237798165
"473","SMP4_Spotted_Pardalote_Pardalotus_punctatus_punctatus_Spp10565_RF_225m_vg94",11650969.125,7,743.855120354973
"474","SMP4_Spotted_Quail-thrush_Cinclosoma_punctatum_Spp10436_RF_225m_vg94",1125322.875,29,653.764053672377
"475","SMP4_Spotted_Tree_Frog_Litoria_spenceri_Spp13195_RF_225m_vg94",57742.875,9,604.363445798312
"476","SMP4_Square-tailed_Kite_Lophoictinia_isura_Spp10230_RF_225m_vg94",1715367.375,22,777.095532810932
"477","SMP4_Squirrel_Glider_Petaurus_norfolcensis_Spp11137_RF_225m_vg94",880080.1875,3,719.175310629465
"478","SMP4_Straw-necked_Ibis_Threskiornis_spinicollis_Spp10180_RF_225m_vg94",10341842.0625,10,764.497487348576
"479","SMP4_Striated_Fieldwren_Calamanthus_fuliginosus_Spp10500_RF_225m_vg94",5291983.125,4,669.418146678163
"480","SMP4_Striated_Grasswren_Amytornis_striatus_striatus_Spp10513_RF_225m_vg94",422425.125,2,840.314703856153
"481","SMP4_Striated_Heron_Butorides_striatus_Spp10193_RF_225m_vg94",946.6875,0,592.360749124367
"482","SMP4_Striated_Pardalote_Pardalotus_striatus_Spp10976_RF_225m_vg94",14684004,4,732.464908963793
"483","SMP4_Striated_Thornbill_Acanthiza_lineata_Spp10470_RF_225m_vg94",6813806.0625,16,753.461290305057
"484","SMP4_Striped_Gudgeon_Gobiomorphus_australis_Spp5050_RF_225m_vg94",42919.875,1,791.850949467821
"485","SMP4_Striped_Honeyeater_Plectorhyncha_lanceolata_Spp10585_RF_225m_vg94",2711464.875,5,684.00472745067
"486","SMP4_Striped_Legless_Lizard_Delma_impar_Spp12159_RF_225m_vg94",417160.125,6,603.436077010788
"487","SMP4_Striped_Marsh_Frog_Limnodynastes_peronii_Spp13061_RF_225m_vg94",9394233.1875,7,725.954152932433
"488","SMP4_Striped_Worm-Lizard_Aprasia_striolata_Spp12150_RF_225m_vg94",163164.375,5,874.981721035851
"489","SMP4_Stubble_Quail_Coturnix_pectoralis_Spp10009_RF_225m_vg94",12666785.0625,9,630.472426463793
"490","SMP4_Stumpy-tailed_Lizard_Tiliqua_rugosa_Spp12583_RF_225m_vg94",4826977.3125,6,727.276079214997
"491","SMP4_Sugar_Glider_Petaurus_breviceps_Spp11138_RF_225m_vg94",2443187.8125,33,753.364447761212
"492","SMP4_Sulphur-crested_Cockatoo_Cacatua_galerita_Spp10269_RF_225m_vg94",11961933.1875,9,677.162750765412
"493","SMP4_Superb_Fairy-wren_Malurus_cyaneus_Spp10529_RF_225m_vg94",12593059.875,9,719.673631062905
"494","SMP4_Superb_Lyrebird_Menura_novaehollandiae_Spp10350_RF_225m_vg94",3782031.75,7,801.410211244602
"495","SMP4_Superb_Parrot_Polytelis_swainsonii_Spp10277_RF_225m_vg94",402291.5625,1,782.655731823502
"496","SMP4_Swamp_Antechinus_Antechinus_minimus_maritimus_Spp11034_RF_225m_vg94",135087.75,5,872.433495033477
"497","SMP4_Swamp_Harrier_Circus_approximans_Spp10219_RF_225m_vg94",8090725.5,12,727.026879212733
"498","SMP4_Swamp_Rat_Rattus_lutreolus_Spp11398_RF_225m_vg94",1035605.25,14,752.342424584771
"499","SMP4_Swamp_Skink_Lissolepis_coventryi_Spp12407_RF_225m_vg94",325857.9375,9,717.970046214407
"500","SMP4_Swift_Parrot_Lathamus_discolor_Spp10309_RF_225m_vg94",100602,8,863.785026392269
"501","SMP4_Tawny_Frogmouth_Podargus_strigoides_Spp10313_RF_225m_vg94",14808911.0625,5,743.90557319238
"502","SMP4_Tawny-crowned_Honeyeater_Phylidonyris_melanops_Spp10593_RF_225m_vg94",1955972.8125,18,798.774821763717
"503","SMP4_Terek_Sandpiper_Xenus_cinereus_Spp10160_RF_225m_vg94",329907.9375,4,1216.31234589106
"504","SMP4_Tessellated_Gecko_Diplodactylus_tessellatus_Spp12076_RF_225m_vg94",996558.1875,11,815.072074762069
"505","SMP4_Thick-tailed_Barking_Gecko_Underwoodisaurus_milii_Spp12138_RF_225m_vg94",2084529.9375,8,697.601912842558
"506","SMP4_Three-toed_Skink_Hemiergis_decresiensis_Spp12441_RF_225m_vg94",1228359.9375,13,691.941775193874
"507","SMP4_Tiger_Snake_Notechis_scutatus_Spp12681_RF_225m_vg94",10208343.9375,7,669.452135375309
"508","SMP4_Tree_Dragon_Amphibolurus_muricatus_Spp12194_RF_225m_vg94",4052247.75,17,727.372752550778
"509","SMP4_Tree_Dtella_Gehyra_variegata_Spp12092_RF_225m_vg94",1119521.25,3,816.537045357005
"510","SMP4_Tree_Martin_Petrochelidon_nigricans_Spp10359_RF_225m_vg94",16128537.75,5,628.337005335584
"511","SMP4_Tree_Skink_Egernia_striolata_Spp12429_RF_225m_vg94",878024.8125,9,868.980981677376
"512","SMP4_Trout_Cod_Maccullochella_macquariensis_Spp4868_RF_225m_vg94",474037.3125,8,663.853742318794
"513","SMP4_Tupong_Pseudaphritis_urvillii_Spp4985_RF_225m_vg94",1541303.4375,10,627.417263185001
"514","SMP4_Turquoise_Parrot_Neophema_pulchella_Spp10302_RF_225m_vg94",221064.1875,9,644.393275223661
"515","SMP4_Tussock_Skink_Pseudemoia_pagenstecheri_Spp12993_RF_225m_vg94",2221951.5,7,816.767108619985
"516","SMP4_Tylers_Toadlet_Uperoleia_tyleri_Spp13931_RF_225m_vg94",304028.4375,1,825.790168116842
"517","SMP4_Unspecked_Hardyhead_Craterocephalus_stercusmuscarum_fulvus_Spp4786_RF_225m_vg94",83678.0625,3,1131.43082281046
"518","SMP4_Varied_Sittella_Daphoenositta_chrysoptera_Spp10549_RF_225m_vg94",10634252.0625,6,695.874911360277
"519","SMP4_Variegated_Fairy-wren_Malurus_lamberti_Spp10536_RF_225m_vg94",4561687.125,5,653.845923918939
"520","SMP4_Variegated_Pygmy_Perch_Nannoperca_variegata_Spp4885_RF_225m_vg94",150887.8125,1,661.597933704829
"521","SMP4_Verreauxs_Tree_Frog_Litoria_verreauxii_verreauxii_Spp63906_RF_225m_vg94",4667250.375,9,740.51775142742
"522","SMP4_Victorian_Smooth_Froglet_Geocrinia_victoriana_Spp13033_RF_225m_vg94",3500096.0625,15,708.017486255849
"523","SMP4_Water_Rat_Hydromys_chrysogaster_Spp11415_RF_225m_vg94",19548291.9375,1,483.3674408347
"524","SMP4_Weasel_Skink_Saproscincus_mustelinus_Spp12452_RF_225m_vg94",3744452.8125,10,716.742531663293
"525","SMP4_Wedge-tailed_Eagle_Aquila_audax_Spp10224_RF_225m_vg94",17998255.6875,5,609.292900052787
"526","SMP4_Weebill_Smicrornis_brevirostris_Spp10465_RF_225m_vg94",8769186.5625,6,702.707750412857
"527","SMP4_Welcome_Swallow_Hirundo_neoxena_Spp10357_RF_225m_vg94",13259173.5,8,647.547850943316
"528","SMP4_West_Australian_Dark-spined_Blind_Snake_Ramphotyphlops_bicolor_Spp12586_RF_225m_vg94",841671,5,754.411560491437
"529","SMP4_Western_Blue-tongued_Lizard_Tiliqua_occipitalis_Spp12579_RF_225m_vg94",2991178.125,3,1061.61084803655
"530","SMP4_Western_Gerygone_Gerygone_fusca_Spp10463_RF_225m_vg94",7282127.8125,6,762.807559010788
"531","SMP4_Western_Grey_Kangaroo_Macropus_fuliginosus_Spp11263_RF_225m_vg94",3646827.5625,6,726.038412498619
"532","SMP4_Western_Pygmy-possum_Cercartetus_concinnus_minor_Spp11151_RF_225m_vg94",820327.5,7,1044.09875513821
"533","SMP4_Whimbrel_Numenius_phaeopus_Spp10150_RF_225m_vg94",72525.375,1,628.534943440271
"534","SMP4_Whiskered_Tern_Chlidonias_hybridus_javanicus_Spp10110_RF_225m_vg94",21683998.6875,3,502.658184208813
"535","SMP4_Whistling_Kite_Haliastur_sphenurus_Spp10228_RF_225m_vg94",11307306.375,9,716.940846342592
"536","SMP4_White-backed_Swallow_Cheramoeca_leucosternus_Spp10358_RF_225m_vg94",11797614.5625,2,622.378976128289
"537","SMP4_White-bellied_Cuckoo-shrike_Coracina_papuensis_Spp10425_RF_225m_vg94",6921282.9375,5,730.644161320871
"538","SMP4_White-bellied_Sea-Eagle_Haliaeetus_leucogaster_Spp10226_RF_225m_vg94",69042.375,8,1043.04450010887
"539","SMP4_White-breasted_Woodswallow_Artamus_leucorynchus_Spp10543_RF_225m_vg94",4102346.25,13,781.822265667243
"540","SMP4_White-browed_Babbler_Pomatostomus_superciliosus_Spp10445_RF_225m_vg94",6223781.8125,6,699.669107636594
"541","SMP4_White-browed_Scrubwren_Sericornis_frontalis_Spp10488_RF_225m_vg94",7263634.5,11,775.193359243118
"542","SMP4_White-browed_Treecreeper_Climacteris_affinis_Spp10561_RF_225m_vg94",301036.5,5,899.009892317331
"543","SMP4_White-browed_Woodswallow_Artamus_superciliosus_Spp10545_RF_225m_vg94",11302036.3125,8,656.80757133494
"544","SMP4_White-eared_Honeyeater_Lichenostomus_leucotis_Spp10617_RF_225m_vg94",8633217.9375,13,775.864203915541
"545","SMP4_White-faced_Heron_Egretta_novaehollandiae_Spp10188_RF_225m_vg94",10457034.1875,11,712.882161875084
"546","SMP4_White-footed_Dunnart_Sminthopsis_leucopus_Spp11069_RF_225m_vg94",1369664.4375,7,779.39000647618
"547","SMP4_White-fronted_Chat_Epthianura_albifrons_Spp10448_RF_225m_vg94",14046291,3,628.494663255254
"548","SMP4_White-fronted_Honeyeater_Phylidonyris_albifrons_Spp10594_RF_225m_vg94",2185096.5,8,731.877444534539
"549","SMP4_White-fronted_Tern_Sterna_striata_Spp10114_RF_225m_vg94",2183476.5,19,743.278709408825
"550","SMP4_White-headed_Pigeon_Columba_leucomela_Spp10028_RF_225m_vg94",112428,2,722.44563329725
"551","SMP4_White-lipped_Snake_Drysdalia_coronoides_Spp12665_RF_225m_vg94",6381853.3125,7,699.494570670908
"552","SMP4_White-naped_Honeyeater_Melithreptus_lunatus_Spp10578_RF_225m_vg94",8163802.6875,12,759.031220617792
"553","SMP4_White-necked_Heron_Ardea_pacifica_Spp10189_RF_225m_vg94",11809977.1875,9,777.29750020657
"554","SMP4_White-plumed_Honeyeater_Lichenostomus_penicillatus_Spp10625_RF_225m_vg94",11145124.125,8,718.800110722864
"555","SMP4_White-striped_Freetail_Bat_Tadarida_australis_Spp11324_RF_225m_vg94",12550231.125,6,732.137791279527
"556","SMP4_White-throated_Gerygone_Gerygone_olivacea_Spp10453_RF_225m_vg94",3512934.5625,14,760.951333331492
"557","SMP4_White-throated_Needletail_Hirundapus_caudacutus_Spp10334_RF_225m_vg94",3889782,23,700.00268008202
"558","SMP4_White-throated_Nightjar_Eurostopodus_mystacalis_Spp10330_RF_225m_vg94",2336941.125,27,758.135434928847
"559","SMP4_White-throated_Treecreeper_Cormobates_leucophaeus_Spp10558_RF_225m_vg94",5045014.125,10,733.511642235574
"560","SMP4_White-winged_Black_Tern_Chlidonias_leucopterus_Spp10109_RF_225m_vg94",3421176.75,17,664.148229433198
"561","SMP4_White-winged_Chough_Corcorax_melanorhamphos_Spp10693_RF_225m_vg94",11510008.875,5,703.987996233535
"562","SMP4_White-winged_Fairy-wren_Malurus_leucopterus_Spp10535_RF_225m_vg94",801221.625,10,903.418214184563
"563","SMP4_White-winged_Triller_Lalage_sueurii_Spp10430_RF_225m_vg94",14156420.625,5,653.818002800231
"564","SMP4_Whites_Skink_Liopholis_whitii_GROUP_Spp62430_RF_225m_vg94",7744561.875,13,670.475238735162
"565","SMP4_Willie_Wagtail_Rhipidura_leucophrys_Spp10364_RF_225m_vg94",13228854.1875,8,673.395942594273
"566","SMP4_Wonga_Pigeon_Leucosarcia_melanoleuca_Spp10044_RF_225m_vg94",3862550.8125,6,740.456215936371
"567","SMP4_Wood_Gecko_Diplodactylus_vittatus_Spp12077_RF_225m_vg94",951532.3125,22,734.080570832834
"568","SMP4_Woodland_Blind_Snake_Ramphotyphlops_proximus_Spp12603_RF_225m_vg94",3324300.75,2,722.847033511984
"569","SMP4_Yarra_Pygmy_Perch_Nannoperca_obscura_Spp4882_RF_225m_vg94",1106566.3125,7,632.580204295753
"570","SMP4_Yellow_Thornbill_Acanthiza_nana_Spp10471_RF_225m_vg94",9146428.875,7,730.782258772282
"571","SMP4_Yellow-bellied_Glider_Petaurus_australis_Spp11136_RF_225m_vg94",2762029.125,7,759.36343162481
"572","SMP4_Yellow-bellied_Sheathtail_Bat_Saccolaimus_flaviventris_Spp11321_RF_225m_vg94",5702749.3125,14,573.687879516638
"573","SMP4_Yellow-bellied_Water_Skink_Eulamprus_heatwolei_Spp12957_RF_225m_vg94",3331347.75,4,675.444781327879
"574","SMP4_Yellow-billed_Spoonbill_Platalea_flavipes_Spp10182_RF_225m_vg94",9006546.9375,10,732.602152923496
"575","SMP4_Yellow-faced_Honeyeater_Lichenostomus_chrysops_Spp10614_RF_225m_vg94",7362677.25,16,752.425186176949
"576","SMP4_Yellow-faced_Whip_Snake_Demansia_psammophis_Spp12655_RF_225m_vg94",1443683.25,1,1170.78074054833
"577","SMP4_Yellow-footed_Antechinus_Antechinus_flavipes_Spp11027_RF_225m_vg94",1295255.8125,10,673.957846462216
"578","SMP4_Yellow-plumed_Honeyeater_Lichenostomus_ornatus_Spp10622_RF_225m_vg94",2255844.9375,12,760.389951252056
"579","SMP4_Yellow-rumped_Thornbill_Acanthiza_chrysorrhoa_Spp10486_RF_225m_vg94",15330581.4375,4,646.591661873533
"580","SMP4_Yellow-tailed_Black-Cockatoo_Calyptorhynchus_funereus_Spp10267_RF_225m_vg94",908951.625,18,800.646403854728
"581","SMP4_Yellow-throated_Miner_Manorina_flavigula_Spp10635_RF_225m_vg94",3291521.0625,3,714.238820972401
"582","SMP4_Yellow-tufted_Honeyeater_Lichenostomus_melanops_Spp10619_RF_225m_vg94",2691508.5,13,758.937970746786
"583","SMP4_Zebra_Finch_Taeniopygia_guttata_Spp10653_RF_225m_vg94",7126283.8125,5,697.746863154909
